Date,Users,Sessions,Page_Views,Bounce_Rate,Avg_Session_Duration,Traffic_Source,Device,Country,Conversions,Conversion_Rate
2025-01-01,499,582,582,36.0,1.54,Direct,Mobile,India,41,8.22
2025-01-02,688,828,828,66.16,4.34,Organic,Tablet,India,12,1.74
2025-01-03,173,297,594,49.16,1.22,Direct,Desktop,USA,9,5.2
2025-01-04,250,399,798,24.92,7.59,Direct,Tablet,India,9,3.6
2025-01-05,790,885,885,38.37,2.8,Organic,Desktop,Australia,35,4.43
2025-01-06,632,658,1316,65.6,4.64,Direct,Tablet,Australia,53,8.39
2025-01-07,121,275,1375,46.57,4.86,Organic,Mobile,UK,0,0.0
2025-01-08,487,552,2208,30.48,5.21,Direct,Desktop,UK,15,3.08
2025-01-09,84,177,354,36.66,3.42,Social,Tablet,UK,0,0.0
2025-01-10,223,289,1156,59.08,1.23,Organic,Mobile,UK,16,7.17
2025-01-11,424,582,2910,27.25,6.9,Referral,Tablet,Canada,30,7.08
2025-01-12,430,464,464,61.86,7.27,Direct,Tablet,India,17,3.95
2025-01-13,512,613,613,56.17,3.58,Referral,Tablet,India,34,6.64
2025-01-14,387,507,1014,20.39,2.45,Social,Mobile,UK,0,0.0
2025-01-15,791,860,2580,62.3,2.97,Email,Tablet,Australia,33,4.17
2025-01-16,82,129,129,57.24,6.07,Social,Desktop,Canada,0,0.0
2025-01-17,798,817,2451,34.67,7.86,Direct,Desktop,India,47,5.89
2025-01-18,506,522,522,36.11,5.26,Social,Tablet,Canada,40,7.91
2025-01-19,501,691,3455,48.85,2.85,Referral,Tablet,UK,1,0.2
2025-01-20,767,780,780,32.0,5.4,Social,Tablet,India,54,7.04
2025-01-21,94,106,424,51.17,4.45,Organic,Mobile,USA,1,1.06
2025-01-22,177,221,1105,60.25,6.98,Organic,Mobile,Australia,11,6.21
2025-01-23,559,592,592,40.09,1.91,Direct,Mobile,USA,32,5.72
2025-01-24,118,189,945,23.55,1.71,Email,Desktop,Canada,8,6.78
2025-01-25,422,464,1392,33.98,1.34,Email,Desktop,USA,42,9.95
2025-01-26,298,462,1386,63.8,3.22,Email,Desktop,USA,21,7.05
2025-01-27,435,573,2292,39.24,6.34,Referral,Desktop,Australia,41,9.43
2025-01-28,443,637,2548,43.02,7.41,Referral,Mobile,Canada,25,5.64
2025-01-29,325,332,664,21.19,6.78,Email,Desktop,UK,5,1.54
2025-01-30,663,663,1989,40.59,7.14,Social,Mobile,India,29,4.37
2025-01-31,580,586,2344,44.53,4.88,Direct,Mobile,Australia,22,3.79
2025-02-01,678,799,3196,49.58,7.57,Email,Desktop,Canada,3,0.44
2025-02-02,770,882,882,59.42,2.89,Direct,Mobile,UK,32,4.16
2025-02-03,357,448,1792,44.34,6.53,Referral,Tablet,UK,9,2.52
2025-02-04,242,269,269,39.66,7.26,Direct,Desktop,Canada,23,9.5
2025-02-05,698,857,1714,25.33,6.8,Referral,Desktop,India,26,3.72
2025-02-06,644,772,3088,65.24,7.04,Organic,Mobile,USA,19,2.95
2025-02-07,741,837,3348,49.21,2.11,Referral,Desktop,Canada,70,9.45
2025-02-08,762,835,4175,32.62,4.79,Referral,Tablet,India,11,1.44
2025-02-09,533,690,690,24.68,6.17,Direct,Desktop,India,3,0.56
2025-02-10,618,721,1442,46.4,7.39,Social,Desktop,Australia,1,0.16
2025-02-11,434,558,1674,54.69,3.03,Social,Tablet,India,19,4.38
2025-02-12,598,609,2436,46.61,1.5,Email,Mobile,Canada,19,3.18
2025-02-13,337,438,1314,51.1,2.0,Social,Tablet,Canada,22,6.53
2025-02-14,150,153,765,29.45,1.67,Organic,Tablet,UK,6,4.0
2025-02-15,428,537,2148,43.46,4.07,Referral,Mobile,India,24,5.61
2025-02-16,450,458,458,63.02,3.63,Referral,Tablet,UK,10,2.22
2025-02-17,404,468,2340,38.15,4.45,Organic,Mobile,USA,10,2.48
2025-02-18,166,212,848,68.91,2.61,Organic,Mobile,USA,0,0.0
2025-02-19,643,648,2592,27.8,4.97,Social,Desktop,India,37,5.75
2025-02-20,614,698,1396,50.69,6.79,Referral,Desktop,UK,34,5.54
2025-02-21,604,779,2337,36.16,6.63,Social,Tablet,UK,54,8.94
2025-02-22,180,314,1256,54.34,1.69,Organic,Desktop,India,10,5.56
2025-02-23,514,597,597,64.84,7.94,Direct,Tablet,Canada,28,5.45
2025-02-24,142,247,741,21.68,3.72,Organic,Mobile,UK,10,7.04
2025-02-25,667,763,1526,53.9,7.96,Organic,Desktop,Australia,23,3.45
2025-02-26,303,482,1928,69.84,7.66,Direct,Tablet,Canada,27,8.91
2025-02-27,260,379,1895,42.63,7.94,Social,Desktop,India,1,0.38
2025-02-28,677,742,2968,67.52,4.93,Organic,Mobile,India,61,9.01
2025-03-01,616,728,2184,42.51,6.69,Email,Desktop,Canada,46,7.47
2025-03-02,217,402,804,20.67,6.1,Referral,Tablet,UK,19,8.76
2025-03-03,699,728,728,47.61,5.14,Social,Mobile,Australia,57,8.15
2025-03-04,347,368,736,63.29,4.72,Direct,Mobile,Canada,6,1.73
2025-03-05,790,803,2409,38.81,7.76,Social,Mobile,Canada,77,9.75
2025-03-06,470,649,3245,26.88,1.05,Email,Mobile,Australia,47,10.0
2025-03-07,468,639,1917,28.17,7.67,Organic,Tablet,USA,10,2.14
2025-03-08,316,341,1023,25.65,7.19,Email,Mobile,UK,3,0.95
2025-03-09,525,669,2007,22.82,1.15,Social,Desktop,Australia,32,6.1
2025-03-10,336,535,1070,36.2,6.33,Social,Tablet,India,27,8.04
2025-03-11,462,658,658,27.65,3.11,Organic,Desktop,Australia,30,6.49
2025-03-12,559,659,3295,67.22,4.47,Organic,Mobile,Australia,37,6.62
2025-03-13,418,453,906,28.16,1.1,Email,Tablet,India,8,1.91
2025-03-14,729,910,3640,44.23,4.83,Direct,Mobile,USA,12,1.65
2025-03-15,267,359,718,59.01,6.18,Social,Mobile,USA,10,3.75
2025-03-16,129,245,245,62.16,7.45,Social,Desktop,UK,10,7.75
2025-03-17,728,837,2511,63.62,6.92,Social,Desktop,USA,46,6.32
2025-03-18,322,518,2072,51.17,4.56,Direct,Desktop,USA,13,4.04
2025-03-19,352,510,2040,29.19,6.74,Organic,Tablet,Canada,11,3.12
2025-03-20,249,292,584,58.78,6.2,Organic,Tablet,Canada,9,3.61
2025-03-21,444,570,2280,51.84,6.04,Social,Tablet,India,39,8.78
2025-03-22,627,707,2828,35.66,2.43,Direct,Desktop,Canada,37,5.9
2025-03-23,568,707,1414,20.91,7.01,Organic,Mobile,UK,25,4.4
2025-03-24,557,708,1416,36.35,1.6,Direct,Tablet,USA,2,0.36
2025-03-25,688,847,1694,66.91,4.67,Organic,Mobile,Canada,54,7.85
2025-03-26,203,265,1325,26.48,4.31,Direct,Mobile,Canada,2,0.99
2025-03-27,562,577,1731,22.58,4.75,Social,Tablet,Canada,25,4.45
2025-03-28,156,331,331,37.85,1.03,Email,Mobile,India,13,8.33
2025-03-29,658,805,3220,58.39,7.78,Social,Desktop,USA,44,6.69
2025-03-30,796,978,3912,49.22,7.87,Direct,Desktop,Australia,3,0.38
2025-03-31,553,553,1659,30.25,3.21,Social,Desktop,India,25,4.52
2025-04-01,597,611,611,43.02,1.22,Social,Mobile,Canada,33,5.53
2025-04-02,381,461,1383,62.42,1.19,Social,Desktop,Australia,13,3.41
2025-04-03,781,950,950,25.77,1.68,Email,Mobile,USA,23,2.94
2025-04-04,650,824,824,64.49,4.09,Organic,Desktop,Australia,36,5.54
2025-04-05,331,522,1044,32.79,3.34,Social,Desktop,USA,0,0.0
2025-04-06,737,737,2211,56.19,2.2,Social,Mobile,UK,15,2.04
2025-04-07,480,528,2112,48.39,3.04,Direct,Desktop,Canada,48,10.0
2025-04-08,702,888,1776,42.69,2.55,Direct,Mobile,India,68,9.69
2025-04-09,395,464,1392,57.88,5.8,Organic,Mobile,USA,3,0.76
2025-04-10,565,759,3036,24.01,3.82,Referral,Desktop,India,16,2.83
2025-04-11,568,568,2272,69.62,1.95,Social,Mobile,USA,6,1.06
2025-04-12,564,637,3185,40.69,2.13,Social,Desktop,USA,29,5.14
2025-04-13,143,275,1375,47.37,2.93,Email,Tablet,India,9,6.29
2025-04-14,674,841,4205,36.02,5.44,Referral,Desktop,UK,48,7.12
2025-04-15,151,261,1305,27.08,5.28,Email,Mobile,India,4,2.65
2025-04-16,797,980,3920,66.05,3.48,Social,Mobile,India,62,7.78
2025-04-17,544,545,2180,39.76,3.99,Direct,Tablet,USA,29,5.33
2025-04-18,760,937,937,42.05,1.79,Organic,Desktop,USA,42,5.53
2025-04-19,500,600,1200,28.56,5.1,Social,Mobile,Australia,45,9.0
2025-04-20,425,544,1088,49.48,3.33,Social,Mobile,India,23,5.41
2025-04-21,526,677,2708,50.51,3.24,Referral,Tablet,Canada,10,1.9
2025-04-22,212,347,1041,39.08,3.68,Referral,Desktop,Australia,5,2.36
2025-04-23,339,462,1848,53.64,5.18,Social,Tablet,Canada,5,1.47
2025-04-24,547,597,2985,33.87,5.92,Social,Mobile,India,31,5.67
2025-04-25,600,784,3136,49.67,3.54,Email,Tablet,UK,41,6.83
2025-04-26,369,509,1527,36.77,5.38,Social,Mobile,Australia,17,4.61
2025-04-27,94,246,492,42.98,4.59,Social,Mobile,India,1,1.06
2025-04-28,449,604,3020,64.1,1.48,Organic,Tablet,Australia,25,5.57
2025-04-29,276,378,1134,50.62,1.98,Direct,Tablet,Canada,26,9.42
2025-04-30,181,212,636,34.2,4.91,Social,Tablet,Canada,8,4.42
2025-05-01,121,244,976,56.33,6.61,Direct,Mobile,India,5,4.13
2025-05-02,228,329,658,60.24,4.71,Email,Mobile,UK,9,3.95
2025-05-03,177,347,1388,22.0,1.32,Email,Tablet,India,4,2.26
2025-05-04,505,677,2031,48.19,6.43,Organic,Desktop,UK,13,2.57
2025-05-05,309,414,2070,32.22,2.14,Organic,Desktop,UK,30,9.71
2025-05-06,508,530,530,31.73,2.95,Social,Tablet,USA,3,0.59
2025-05-07,489,649,2596,35.56,3.49,Email,Mobile,USA,16,3.27
2025-05-08,549,715,1430,54.46,3.27,Organic,Desktop,Canada,27,4.92
2025-05-09,120,142,426,40.31,1.69,Social,Desktop,USA,5,4.17
2025-05-10,791,813,813,56.59,1.48,Direct,Tablet,India,17,2.15
2025-05-11,259,379,758,61.78,4.1,Referral,Desktop,USA,22,8.49
2025-05-12,586,616,3080,39.4,1.17,Social,Mobile,Canada,46,7.85
2025-05-13,593,715,715,54.56,1.53,Social,Mobile,Canada,11,1.85
2025-05-14,727,893,3572,31.48,5.39,Direct,Desktop,Australia,24,3.3
2025-05-15,437,502,2008,62.83,6.84,Social,Tablet,USA,24,5.49
2025-05-16,114,255,510,23.81,3.55,Social,Tablet,Australia,6,5.26
2025-05-17,472,489,1467,61.86,2.84,Social,Tablet,India,41,8.69
2025-05-18,458,572,2860,23.0,1.13,Social,Desktop,UK,0,0.0
2025-05-19,476,649,1947,45.42,2.53,Email,Mobile,Australia,34,7.14
2025-05-20,262,287,861,21.21,3.79,Social,Desktop,India,2,0.76
2025-05-21,233,404,2020,24.0,1.52,Referral,Tablet,USA,4,1.72
2025-05-22,627,713,3565,30.59,6.85,Email,Desktop,India,12,1.91
2025-05-23,628,765,1530,27.17,7.76,Organic,Tablet,UK,26,4.14
2025-05-24,473,560,2800,36.21,7.98,Email,Tablet,Australia,1,0.21
2025-05-25,372,438,438,58.07,6.09,Referral,Tablet,USA,2,0.54
2025-05-26,311,367,1101,60.06,7.42,Social,Desktop,Canada,24,7.72
2025-05-27,559,702,702,38.84,3.62,Referral,Tablet,Canada,49,8.77
2025-05-28,574,727,2908,30.63,2.7,Organic,Desktop,India,14,2.44
2025-05-29,672,801,2403,28.83,4.5,Direct,Mobile,Canada,3,0.45
2025-05-30,207,284,1420,21.07,3.26,Email,Mobile,India,3,1.45
2025-05-31,649,658,658,51.59,5.88,Email,Desktop,India,16,2.47
2025-06-01,234,379,758,36.91,7.69,Direct,Desktop,Canada,6,2.56
2025-06-02,792,941,1882,52.69,3.78,Social,Tablet,India,43,5.43
2025-06-03,238,431,431,20.39,7.75,Email,Desktop,Australia,9,3.78
2025-06-04,402,420,2100,31.71,7.1,Organic,Tablet,USA,15,3.73
2025-06-05,664,845,4225,62.86,2.22,Direct,Mobile,Canada,27,4.07
2025-06-06,651,810,1620,28.79,3.43,Social,Mobile,India,19,2.92
2025-06-07,459,528,2112,46.34,2.49,Email,Desktop,Australia,23,5.01
2025-06-08,248,381,381,20.54,4.68,Organic,Tablet,UK,13,5.24
2025-06-09,264,401,1604,69.89,6.18,Referral,Mobile,Canada,8,3.03
2025-06-10,623,660,3300,47.7,1.51,Referral,Desktop,Australia,52,8.35
2025-06-11,153,161,805,61.4,6.28,Referral,Mobile,USA,2,1.31
2025-06-12,216,343,1715,65.65,4.79,Social,Desktop,USA,10,4.63
2025-06-13,148,275,1100,61.71,2.92,Organic,Desktop,USA,4,2.7
2025-06-14,667,777,3108,60.64,5.76,Social,Tablet,India,40,6.0
2025-06-15,183,198,198,69.43,1.76,Direct,Mobile,India,3,1.64
2025-06-16,370,568,2840,25.7,5.02,Referral,Tablet,Canada,26,7.03
2025-06-17,416,447,1341,44.38,5.77,Organic,Desktop,India,20,4.81
2025-06-18,697,809,2427,40.39,1.75,Organic,Mobile,Australia,25,3.59
2025-06-19,271,443,1772,43.88,5.88,Email,Tablet,UK,10,3.69
2025-06-20,96,138,138,25.81,5.75,Social,Mobile,Australia,1,1.04
2025-06-21,154,270,1350,25.79,7.41,Direct,Mobile,USA,8,5.19
2025-06-22,683,757,757,48.29,3.74,Email,Mobile,Australia,44,6.44
2025-06-23,163,325,325,35.04,3.55,Social,Mobile,Canada,11,6.75
2025-06-24,158,215,1075,69.91,1.79,Social,Mobile,Australia,9,5.7
2025-06-25,279,461,1844,30.01,4.95,Social,Tablet,Canada,12,4.3
2025-06-26,452,557,557,34.0,6.09,Organic,Tablet,India,16,3.54
2025-06-27,192,357,357,26.32,6.35,Email,Tablet,India,19,9.9
2025-06-28,433,503,1006,37.03,6.58,Organic,Desktop,Canada,18,4.16
2025-06-29,668,789,2367,46.24,1.57,Referral,Desktop,UK,50,7.49
2025-06-30,274,299,1196,61.46,4.4,Direct,Tablet,India,5,1.82
2025-07-01,481,571,2855,39.87,4.35,Referral,Desktop,USA,13,2.7
2025-07-02,178,310,930,43.59,5.39,Social,Mobile,India,0,0.0
2025-07-03,454,602,2408,49.85,4.75,Email,Mobile,USA,11,2.42
2025-07-04,467,544,2720,31.72,6.79,Social,Mobile,India,15,3.21
2025-07-05,436,493,493,57.44,1.7,Email,Desktop,USA,39,8.94
2025-07-06,489,591,591,49.42,2.65,Organic,Mobile,Australia,19,3.89
2025-07-07,210,253,759,25.88,2.31,Organic,Desktop,India,0,0.0
2025-07-08,422,527,2108,31.24,3.16,Referral,Desktop,Australia,6,1.42
2025-07-09,232,309,927,38.49,3.37,Direct,Desktop,Australia,2,0.86
2025-07-10,536,734,734,69.58,6.89,Social,Tablet,India,48,8.96
2025-07-11,364,481,1443,28.85,7.61,Organic,Tablet,Canada,33,9.07
2025-07-12,671,822,3288,55.95,7.12,Organic,Tablet,UK,28,4.17
2025-07-13,169,313,626,28.45,4.43,Email,Tablet,USA,13,7.69
2025-07-14,174,272,544,62.09,3.18,Organic,Tablet,India,12,6.9
2025-07-15,339,473,2365,20.19,6.29,Referral,Tablet,USA,25,7.37
2025-07-16,179,212,212,26.54,5.68,Direct,Desktop,Australia,3,1.68
2025-07-17,243,402,1206,38.8,6.33,Email,Mobile,UK,18,7.41
2025-07-18,728,770,3850,30.02,6.07,Direct,Desktop,UK,72,9.89
2025-07-19,704,729,3645,45.82,6.2,Referral,Desktop,Canada,66,9.38
2025-07-20,498,694,2082,38.89,4.03,Referral,Tablet,India,8,1.61
2025-07-21,202,268,536,51.05,7.96,Referral,Tablet,Australia,13,6.44
2025-07-22,216,278,1390,27.93,5.42,Email,Mobile,UK,12,5.56
2025-07-23,368,433,866,23.0,3.23,Social,Desktop,India,9,2.45
2025-07-24,104,230,920,29.44,2.47,Social,Mobile,Australia,8,7.69
2025-07-25,479,638,2552,24.42,2.33,Organic,Tablet,UK,42,8.77
2025-07-26,574,629,629,21.76,2.69,Direct,Tablet,India,48,8.36
2025-07-27,613,736,736,28.3,5.27,Organic,Mobile,UK,15,2.45
2025-07-28,781,911,3644,38.82,6.58,Email,Mobile,Australia,31,3.97
2025-07-29,332,350,1750,48.04,6.44,Referral,Tablet,Australia,5,1.51
2025-07-30,319,350,350,22.52,1.46,Organic,Tablet,Canada,8,2.51
2025-07-31,120,149,298,63.99,1.89,Direct,Mobile,India,4,3.33
2025-08-01,245,442,884,37.33,1.93,Referral,Desktop,Canada,19,7.76
2025-08-02,280,334,668,33.49,3.01,Referral,Tablet,Canada,10,3.57
2025-08-03,149,266,1330,47.5,7.95,Social,Desktop,India,14,9.4
2025-08-04,204,242,242,54.16,2.09,Referral,Mobile,India,4,1.96
2025-08-05,691,720,2880,32.97,1.91,Organic,Tablet,Canada,47,6.8
2025-08-06,724,782,2346,54.74,2.57,Social,Mobile,Australia,45,6.22
2025-08-07,768,908,4540,52.73,2.87,Organic,Tablet,Australia,53,6.9
2025-08-08,587,764,1528,62.49,7.17,Organic,Desktop,Canada,55,9.37
2025-08-09,669,676,2028,32.1,7.79,Social,Tablet,India,9,1.35
2025-08-10,371,534,1602,66.74,6.96,Email,Desktop,Australia,12,3.23
2025-08-11,374,534,534,29.97,2.78,Organic,Desktop,India,36,9.63
2025-08-12,282,313,1565,22.18,7.14,Referral,Tablet,UK,13,4.61
2025-08-13,226,374,1496,62.76,7.39,Direct,Tablet,USA,14,6.19
2025-08-14,263,309,618,21.05,6.25,Direct,Tablet,India,1,0.38
2025-08-15,618,627,627,36.32,3.13,Direct,Desktop,India,41,6.63
2025-08-16,395,440,880,53.95,2.34,Email,Desktop,UK,30,7.59
2025-08-17,102,273,819,61.71,3.04,Social,Desktop,Canada,3,2.94
2025-08-18,155,272,1360,53.13,2.72,Organic,Mobile,UK,14,9.03
2025-08-19,756,818,2454,24.27,5.48,Social,Tablet,UK,63,8.33
2025-08-20,517,652,3260,35.77,6.22,Organic,Tablet,UK,49,9.48
2025-08-21,718,737,2948,47.29,5.0,Organic,Tablet,USA,63,8.77
2025-08-22,372,399,1197,39.68,1.95,Organic,Tablet,Australia,31,8.33
2025-08-23,462,619,619,60.62,7.81,Social,Desktop,Canada,41,8.87
2025-08-24,541,625,3125,66.08,2.31,Email,Tablet,India,6,1.11
2025-08-25,335,431,2155,65.89,7.77,Social,Mobile,USA,5,1.49
2025-08-26,520,687,2748,49.64,4.35,Referral,Desktop,USA,0,0.0
2025-08-27,474,524,524,57.55,5.98,Email,Mobile,UK,39,8.23
2025-08-28,136,169,338,30.04,2.38,Email,Desktop,USA,6,4.41
2025-08-29,535,680,2720,48.33,1.11,Referral,Mobile,UK,45,8.41
2025-08-30,360,553,1659,65.87,4.04,Referral,Tablet,USA,24,6.67
2025-08-31,223,245,980,67.94,1.44,Organic,Mobile,India,14,6.28
2025-09-01,183,222,1110,48.47,1.5,Social,Desktop,India,12,6.56
2025-09-02,647,795,3975,21.75,1.46,Organic,Tablet,UK,2,0.31
2025-09-03,201,378,378,63.42,2.13,Social,Tablet,India,14,6.97
2025-09-04,317,422,844,47.25,5.33,Social,Desktop,UK,16,5.05
2025-09-05,301,459,459,43.02,6.73,Email,Mobile,UK,10,3.32
2025-09-06,660,709,1418,32.02,6.62,Email,Desktop,Canada,49,7.42
2025-09-07,440,457,457,34.48,3.18,Direct,Desktop,UK,25,5.68
2025-09-08,329,431,1724,65.78,3.52,Organic,Desktop,Australia,20,6.08
2025-09-09,717,821,2463,27.3,3.44,Organic,Desktop,USA,14,1.95
2025-09-10,702,865,3460,48.81,4.49,Referral,Desktop,Canada,63,8.97
2025-09-11,153,187,374,64.51,5.17,Organic,Mobile,India,1,0.65
2025-09-12,775,867,1734,43.74,3.28,Organic,Mobile,UK,7,0.9
2025-09-13,530,593,1779,33.25,6.63,Organic,Mobile,UK,19,3.58
2025-09-14,307,394,394,65.17,6.37,Email,Mobile,Australia,4,1.3
2025-09-15,270,468,936,47.61,2.18,Email,Tablet,Canada,9,3.33
2025-09-16,688,787,3148,48.66,5.57,Direct,Desktop,USA,39,5.67
2025-09-17,292,381,1524,31.47,7.25,Referral,Tablet,Canada,21,7.19
2025-09-18,247,305,305,65.59,5.51,Social,Desktop,India,11,4.45
2025-09-19,488,495,1485,50.37,6.76,Social,Tablet,Canada,46,9.43
2025-09-20,212,321,963,27.45,4.82,Direct,Tablet,India,20,9.43
2025-09-21,230,243,1215,48.01,4.2,Direct,Mobile,USA,18,7.83
2025-09-22,537,704,3520,46.15,3.84,Organic,Tablet,Australia,48,8.94
2025-09-23,262,306,1224,31.05,2.92,Email,Tablet,UK,17,6.49
2025-09-24,780,932,2796,37.59,7.42,Referral,Mobile,USA,0,0.0
2025-09-25,127,149,745,25.07,3.76,Referral,Tablet,UK,2,1.57
2025-09-26,271,323,323,27.52,5.36,Direct,Desktop,UK,23,8.49
2025-09-27,723,782,782,23.02,3.65,Direct,Desktop,USA,15,2.07
2025-09-28,669,804,1608,22.91,1.13,Organic,Desktop,UK,16,2.39
2025-09-29,339,390,1560,36.65,7.38,Social,Tablet,India,13,3.83
2025-09-30,143,282,1410,60.89,2.47,Direct,Mobile,Australia,12,8.39
2025-10-01,579,618,1236,29.0,4.75,Organic,Mobile,India,25,4.32
2025-10-02,723,882,882,57.77,1.25,Direct,Mobile,UK,54,7.47
2025-10-03,195,293,293,39.87,5.89,Email,Mobile,India,9,4.62
2025-10-04,404,454,454,54.52,6.14,Social,Mobile,UK,7,1.73
2025-10-05,564,631,2524,40.2,2.37,Direct,Desktop,Canada,23,4.08
2025-10-06,451,500,1000,69.95,2.62,Direct,Tablet,USA,27,5.99
2025-10-07,761,838,1676,33.19,4.54,Referral,Tablet,Canada,76,9.99
2025-10-08,197,383,766,40.26,6.43,Organic,Tablet,USA,19,9.64
2025-10-09,174,179,895,49.2,3.72,Direct,Desktop,Australia,12,6.9
2025-10-10,540,638,2552,48.67,4.43,Organic,Tablet,India,9,1.67
2025-10-11,118,241,482,42.1,4.36,Social,Desktop,UK,3,2.54
2025-10-12,218,227,681,35.61,2.03,Email,Desktop,UK,7,3.21
2025-10-13,415,566,1132,32.19,6.2,Organic,Tablet,Canada,39,9.4
2025-10-14,551,558,2232,39.31,3.88,Referral,Desktop,USA,26,4.72
2025-10-15,132,198,198,49.49,5.7,Direct,Mobile,India,10,7.58
2025-10-16,234,319,638,50.51,4.78,Referral,Desktop,Australia,8,3.42
2025-10-17,386,545,1090,23.18,2.02,Direct,Tablet,India,28,7.25
2025-10-18,398,412,2060,25.12,1.3,Email,Tablet,India,3,0.75
2025-10-19,670,675,2700,57.28,1.56,Organic,Tablet,Australia,38,5.67
2025-10-20,367,478,1434,67.32,4.37,Direct,Desktop,Canada,34,9.26
2025-10-21,390,559,559,63.2,7.73,Organic,Tablet,India,22,5.64
2025-10-22,622,804,3216,28.72,6.84,Referral,Mobile,Australia,30,4.82
2025-10-23,682,771,1542,38.17,2.34,Social,Tablet,India,53,7.77
2025-10-24,588,594,1188,54.51,5.83,Direct,Mobile,Canada,36,6.12
2025-10-25,263,350,1750,62.8,5.37,Social,Desktop,UK,6,2.28
2025-10-26,80,173,346,66.28,1.22,Email,Tablet,USA,8,10.0
2025-10-27,791,793,3172,69.07,7.18,Email,Mobile,Australia,38,4.8
2025-10-28,370,548,1096,31.07,3.14,Organic,Tablet,Australia,22,5.95
2025-10-29,414,554,554,34.6,3.12,Social,Mobile,Canada,7,1.69
2025-10-30,701,741,3705,41.2,4.66,Social,Desktop,UK,37,5.28
2025-10-31,357,384,1920,55.96,4.94,Email,Desktop,Australia,18,5.04
2025-11-01,393,450,1350,24.87,3.71,Referral,Tablet,UK,9,2.29
2025-11-02,363,502,1004,48.74,2.95,Social,Tablet,UK,28,7.71
2025-11-03,293,489,978,40.32,1.67,Social,Tablet,UK,17,5.8
2025-11-04,99,202,202,58.91,4.1,Organic,Desktop,USA,7,7.07
2025-11-05,798,839,1678,30.79,1.05,Referral,Mobile,Australia,31,3.88
2025-11-06,359,387,387,58.14,4.9,Referral,Tablet,UK,11,3.06
2025-11-07,535,587,587,63.72,7.68,Direct,Desktop,Canada,28,5.23
2025-11-08,425,616,1232,38.45,7.78,Email,Desktop,Australia,33,7.76
2025-11-09,583,680,2040,28.0,1.56,Organic,Desktop,UK,56,9.61
2025-11-10,477,522,522,36.65,5.47,Social,Desktop,India,2,0.42
2025-11-11,581,610,1830,33.69,1.01,Direct,Mobile,India,48,8.26
2025-11-12,798,993,2979,27.08,2.38,Social,Tablet,India,71,8.9
2025-11-13,556,580,580,37.44,4.77,Social,Mobile,USA,49,8.81
2025-11-14,794,929,929,63.52,4.16,Email,Tablet,UK,33,4.16
2025-11-15,376,453,453,60.55,6.31,Referral,Mobile,Australia,23,6.12
2025-11-16,277,435,1305,41.99,1.94,Social,Desktop,Canada,3,1.08
2025-11-17,85,98,98,34.83,2.76,Referral,Tablet,USA,2,2.35
2025-11-18,476,673,1346,46.63,1.95,Email,Desktop,USA,0,0.0
2025-11-19,490,501,2004,22.33,6.21,Organic,Tablet,Canada,12,2.45
2025-11-20,472,618,1854,39.94,7.59,Email,Mobile,Canada,32,6.78
2025-11-21,428,477,1908,40.13,7.39,Organic,Tablet,Canada,36,8.41
2025-11-22,128,285,570,22.43,6.18,Organic,Tablet,Canada,1,0.78
2025-11-23,237,356,712,36.81,2.7,Social,Tablet,Australia,21,8.86
2025-11-24,285,457,2285,24.38,1.24,Direct,Desktop,India,25,8.77
2025-11-25,181,291,1455,37.39,6.97,Organic,Tablet,UK,4,2.21
2025-11-26,738,863,1726,24.3,5.26,Referral,Tablet,USA,62,8.4
2025-11-27,512,687,3435,60.45,3.87,Organic,Desktop,UK,8,1.56
2025-11-28,282,308,308,21.22,6.35,Organic,Mobile,Australia,3,1.06
2025-11-29,358,472,1416,62.0,7.89,Email,Tablet,UK,14,3.91
2025-11-30,110,182,364,26.74,7.61,Email,Tablet,USA,2,1.82
2025-12-01,580,731,2193,61.36,3.34,Organic,Desktop,India,26,4.48
2025-12-02,108,220,1100,41.5,2.18,Referral,Mobile,India,10,9.26
2025-12-03,632,715,2860,27.78,7.65,Social,Tablet,UK,16,2.53
2025-12-04,233,424,424,67.78,4.69,Email,Desktop,Australia,0,0.0
2025-12-05,265,325,325,57.01,6.29,Referral,Tablet,UK,0,0.0
2025-12-06,523,683,3415,62.85,6.41,Email,Mobile,Australia,23,4.4
2025-12-07,366,432,432,60.02,7.59,Social,Desktop,India,27,7.38
2025-12-08,138,200,800,67.32,7.51,Organic,Desktop,UK,7,5.07
2025-12-09,798,851,3404,68.86,5.93,Social,Mobile,India,8,1.0
2025-12-10,273,409,1636,43.7,3.57,Organic,Desktop,India,3,1.1
2025-12-11,457,468,936,34.94,7.88,Organic,Desktop,Australia,11,2.41
2025-12-12,549,550,550,51.16,2.7,Direct,Mobile,Australia,16,2.91
2025-12-13,476,485,970,52.87,4.44,Referral,Desktop,Australia,46,9.66
2025-12-14,601,729,2187,33.68,1.29,Direct,Tablet,Canada,31,5.16
2025-12-15,354,450,2250,26.11,7.18,Referral,Mobile,UK,5,1.41
2025-12-16,579,758,1516,39.05,6.1,Organic,Mobile,USA,46,7.94
2025-12-17,778,868,1736,26.99,4.82,Social,Mobile,Canada,10,1.29
2025-12-18,736,930,2790,23.13,3.54,Direct,Mobile,India,29,3.94
2025-12-19,800,825,825,46.39,6.32,Organic,Mobile,India,25,3.12
2025-12-20,425,439,2195,38.2,1.99,Direct,Mobile,India,35,8.24
2025-12-21,709,884,4420,68.53,3.1,Direct,Mobile,India,37,5.22
2025-12-22,470,495,990,30.86,7.71,Organic,Tablet,Canada,29,6.17
2025-12-23,690,720,2880,32.24,6.22,Referral,Desktop,USA,48,6.96
2025-12-24,196,250,750,21.05,1.32,Organic,Tablet,USA,6,3.06
2025-12-25,145,288,1152,63.79,3.78,Social,Tablet,Australia,3,2.07
2025-12-26,353,365,1460,25.54,3.51,Referral,Mobile,Australia,6,1.7
2025-12-27,431,502,1506,67.13,7.65,Direct,Tablet,Canada,42,9.74
2025-12-28,191,388,1552,60.5,4.64,Social,Desktop,India,12,6.28
2025-12-29,494,644,3220,39.93,1.78,Organic,Tablet,Australia,20,4.05
2025-12-30,157,207,621,45.8,7.99,Direct,Desktop,Australia,15,9.55
2025-12-31,605,767,767,66.97,2.03,Social,Desktop,USA,12,1.98
2025-01-01,204,336,1344,29.78,3.95,Email,Mobile,UK,11,5.39
2025-01-02,216,385,1925,54.85,4.56,Organic,Mobile,UK,20,9.26
2025-01-03,745,842,1684,68.35,1.92,Email,Mobile,USA,31,4.16
2025-01-04,447,614,614,50.34,4.04,Organic,Mobile,USA,10,2.24
2025-01-05,800,988,988,41.57,4.09,Direct,Desktop,Australia,16,2.0
2025-01-06,775,833,4165,30.52,6.08,Email,Desktop,USA,54,6.97
2025-01-07,609,650,2600,23.01,4.16,Referral,Tablet,UK,32,5.25
2025-01-08,332,491,1473,27.56,2.52,Email,Mobile,USA,33,9.94
2025-01-09,403,573,573,23.99,1.15,Email,Desktop,UK,29,7.2
2025-01-10,656,802,1604,27.21,3.21,Email,Desktop,Canada,30,4.57
2025-01-11,675,872,1744,38.82,6.64,Referral,Tablet,USA,24,3.56
2025-01-12,249,337,1348,53.48,6.46,Email,Tablet,India,16,6.43
2025-01-13,300,314,942,20.12,1.93,Organic,Tablet,UK,19,6.33
2025-01-14,616,730,3650,65.06,4.68,Referral,Tablet,India,31,5.03
2025-01-15,183,310,310,51.08,1.74,Referral,Desktop,India,15,8.2
2025-01-16,422,621,1863,58.69,1.66,Direct,Desktop,Australia,36,8.53
2025-01-17,782,959,4795,37.82,7.7,Email,Mobile,UK,57,7.29
2025-01-18,517,690,2070,55.19,3.25,Email,Tablet,UK,23,4.45
2025-01-19,169,195,390,55.71,6.45,Referral,Tablet,Australia,10,5.92
2025-01-20,643,712,2848,58.15,5.42,Direct,Desktop,USA,15,2.33
2025-01-21,475,571,2284,51.19,2.05,Social,Tablet,India,16,3.37
2025-01-22,92,269,1345,42.46,6.41,Social,Mobile,UK,1,1.09
2025-01-23,413,441,882,54.63,6.5,Social,Mobile,India,24,5.81
2025-01-24,553,644,644,27.67,3.13,Organic,Tablet,Canada,29,5.24
2025-01-25,436,623,2492,50.09,6.03,Organic,Mobile,Canada,9,2.06
2025-01-26,719,908,2724,59.87,5.18,Referral,Desktop,India,68,9.46
2025-01-27,543,659,1318,65.29,6.94,Social,Tablet,India,3,0.55
2025-01-28,473,501,1002,62.41,4.32,Referral,Tablet,USA,31,6.55
2025-01-29,238,271,813,25.38,3.56,Referral,Mobile,Canada,8,3.36
2025-01-30,120,235,470,69.43,2.87,Email,Desktop,USA,10,8.33
2025-01-31,537,667,1334,65.77,4.8,Email,Desktop,Australia,19,3.54
2025-02-01,381,435,2175,41.13,1.88,Social,Mobile,Australia,28,7.35
2025-02-02,172,203,812,38.53,4.99,Direct,Mobile,Australia,12,6.98
2025-02-03,465,543,1086,37.12,5.63,Direct,Tablet,USA,45,9.68
2025-02-04,769,922,1844,29.38,6.6,Social,Mobile,Canada,26,3.38
2025-02-05,189,241,1205,21.79,1.03,Referral,Mobile,India,7,3.7
2025-02-06,303,429,1716,56.46,4.82,Email,Tablet,USA,28,9.24
2025-02-07,464,586,2344,29.44,2.97,Direct,Desktop,Canada,2,0.43
2025-02-08,363,536,1608,38.52,1.21,Email,Tablet,USA,14,3.86
2025-02-09,636,784,3920,38.05,3.85,Organic,Desktop,Canada,16,2.52
2025-02-10,112,298,596,36.17,2.64,Organic,Tablet,Australia,3,2.68
2025-02-11,282,411,1644,53.84,3.54,Email,Desktop,USA,28,9.93
2025-02-12,319,483,2415,69.14,1.97,Social,Mobile,Australia,13,4.08
2025-02-13,157,181,362,30.85,7.39,Referral,Desktop,Canada,5,3.18
2025-02-14,358,398,796,38.62,7.47,Referral,Mobile,Australia,2,0.56
2025-02-15,674,705,1410,58.25,6.45,Direct,Tablet,Canada,0,0.0
2025-02-16,518,639,3195,59.89,4.2,Organic,Mobile,UK,46,8.88
2025-02-17,525,566,1698,65.45,5.89,Referral,Mobile,Canada,16,3.05
2025-02-18,173,369,1845,54.67,2.03,Direct,Tablet,USA,7,4.05
2025-02-19,285,481,962,21.38,6.12,Referral,Desktop,UK,1,0.35
2025-02-20,251,417,1251,32.25,3.47,Direct,Desktop,Australia,6,2.39
2025-02-21,459,654,1962,36.67,7.36,Referral,Tablet,Australia,39,8.5
2025-02-22,428,482,2410,35.87,2.47,Referral,Desktop,USA,41,9.58
2025-02-23,312,318,1272,58.99,5.77,Email,Mobile,India,8,2.56
2025-02-24,128,263,1315,51.36,4.51,Organic,Mobile,India,8,6.25
2025-02-25,672,815,4075,28.18,3.84,Organic,Desktop,India,41,6.1
2025-02-26,121,236,1180,31.0,7.06,Direct,Desktop,UK,8,6.61
2025-02-27,542,615,1230,41.77,4.93,Referral,Tablet,USA,42,7.75
2025-02-28,432,565,1130,48.7,4.14,Social,Mobile,USA,43,9.95
2025-03-01,341,463,926,21.92,6.69,Direct,Mobile,USA,21,6.16
2025-03-02,645,711,2133,35.52,7.86,Referral,Mobile,Canada,1,0.16
2025-03-03,383,555,555,38.92,5.81,Email,Mobile,Australia,31,8.09
2025-03-04,289,301,301,36.44,7.89,Organic,Desktop,Canada,11,3.81
2025-03-05,796,888,3552,32.93,7.47,Direct,Mobile,Canada,49,6.16
2025-03-06,291,375,1125,36.38,7.54,Organic,Tablet,UK,0,0.0
2025-03-07,108,192,768,42.1,7.18,Email,Desktop,UK,7,6.48
2025-03-08,732,746,2984,47.87,1.62,Social,Mobile,UK,50,6.83
2025-03-09,581,696,2088,37.18,5.65,Organic,Tablet,USA,56,9.64
2025-03-10,245,436,1308,20.56,5.79,Referral,Tablet,USA,19,7.76
2025-03-11,81,139,278,32.83,4.09,Referral,Tablet,India,5,6.17
2025-03-12,161,236,944,38.44,1.12,Referral,Tablet,India,14,8.7
2025-03-13,474,634,3170,20.18,2.15,Organic,Desktop,Australia,19,4.01
2025-03-14,324,477,477,40.47,3.46,Social,Tablet,Australia,12,3.7
2025-03-15,640,651,1302,48.15,5.55,Email,Desktop,Australia,47,7.34
2025-03-16,641,713,713,47.06,5.09,Referral,Tablet,India,53,8.27
2025-03-17,101,168,672,62.96,4.41,Referral,Mobile,USA,4,3.96
2025-03-18,687,859,2577,37.75,7.99,Direct,Desktop,Australia,1,0.15
2025-03-19,489,648,1944,44.65,3.59,Social,Desktop,USA,42,8.59
2025-03-20,225,267,267,53.25,7.21,Referral,Tablet,India,8,3.56
2025-03-21,657,814,2442,47.92,4.56,Referral,Mobile,UK,32,4.87
2025-03-22,734,736,3680,56.12,1.48,Social,Tablet,India,1,0.14
2025-03-23,720,874,874,24.18,4.23,Email,Mobile,UK,36,5.0
2025-03-24,569,718,3590,20.35,5.09,Email,Mobile,Canada,19,3.34
2025-03-25,107,209,627,27.47,7.8,Direct,Mobile,Australia,6,5.61
2025-03-26,750,909,4545,39.15,2.7,Email,Desktop,India,30,4.0
2025-03-27,509,544,1088,49.59,3.19,Referral,Mobile,India,19,3.73
2025-03-28,669,753,753,60.13,1.78,Email,Tablet,Australia,5,0.75
2025-03-29,212,357,1785,55.59,2.89,Social,Desktop,UK,8,3.77
2025-03-30,452,473,1419,44.96,2.44,Email,Mobile,UK,3,0.66
2025-03-31,271,335,1675,53.68,6.16,Social,Desktop,Canada,19,7.01
2025-04-01,686,823,823,50.29,7.05,Organic,Tablet,USA,44,6.41
2025-04-02,268,268,1072,42.47,7.74,Social,Desktop,Australia,12,4.48
2025-04-03,684,708,2832,43.5,4.92,Social,Tablet,India,13,1.9
2025-04-04,206,344,1032,57.9,6.51,Social,Mobile,UK,2,0.97
2025-04-05,174,314,314,51.81,5.8,Social,Desktop,India,7,4.02
2025-04-06,281,320,960,36.8,3.44,Referral,Desktop,UK,14,4.98
2025-04-07,418,570,2850,22.5,3.81,Organic,Desktop,India,8,1.91
2025-04-08,100,175,350,42.55,5.56,Social,Desktop,India,6,6.0
2025-04-09,516,652,1304,45.97,1.12,Organic,Tablet,USA,13,2.52
2025-04-10,417,426,852,48.15,3.47,Email,Desktop,UK,11,2.64
2025-04-11,391,498,1494,48.84,6.8,Email,Mobile,USA,4,1.02
2025-04-12,389,461,2305,37.05,4.52,Referral,Desktop,Canada,16,4.11
2025-04-13,302,400,800,61.63,2.37,Organic,Desktop,India,6,1.99
2025-04-14,767,895,3580,30.96,2.96,Social,Tablet,India,1,0.13
2025-04-15,703,740,2220,54.48,7.01,Organic,Tablet,USA,24,3.41
2025-04-16,409,579,579,44.24,7.0,Social,Mobile,USA,40,9.78
2025-04-17,458,525,2625,52.91,7.45,Social,Mobile,UK,17,3.71
2025-04-18,86,168,336,44.48,1.7,Organic,Mobile,India,6,6.98
2025-04-19,86,263,263,24.76,1.75,Organic,Mobile,UK,4,4.65
2025-04-20,257,293,879,67.75,6.9,Referral,Tablet,UK,11,4.28
2025-04-21,583,743,743,33.0,6.97,Social,Desktop,India,36,6.17
2025-04-22,659,833,4165,61.11,5.78,Email,Mobile,Canada,2,0.3
2025-04-23,520,658,1974,69.49,5.44,Social,Mobile,UK,17,3.27
2025-04-24,435,489,489,33.78,3.52,Email,Tablet,USA,12,2.76
2025-04-25,369,457,1828,31.49,3.75,Social,Mobile,Canada,4,1.08
2025-04-26,334,508,1524,36.84,2.46,Organic,Mobile,Australia,17,5.09
2025-04-27,757,777,3885,38.08,6.83,Social,Tablet,India,21,2.77
2025-04-28,500,673,673,28.89,1.14,Organic,Desktop,UK,48,9.6
2025-04-29,586,725,2900,50.31,2.32,Email,Desktop,Canada,35,5.97
2025-04-30,467,528,1584,25.2,3.99,Social,Mobile,USA,1,0.21
2025-05-01,654,828,4140,43.65,3.75,Direct,Tablet,Canada,9,1.38
2025-05-02,114,267,534,37.77,2.6,Email,Mobile,UK,2,1.75
2025-05-03,202,358,358,34.11,2.16,Social,Desktop,Australia,8,3.96
2025-05-04,291,413,2065,69.61,3.73,Referral,Desktop,Canada,5,1.72
2025-05-05,367,410,2050,20.19,6.8,Email,Desktop,UK,22,5.99
2025-05-06,630,808,2424,58.78,2.01,Referral,Tablet,USA,22,3.49
2025-05-07,322,439,2195,41.69,3.55,Organic,Tablet,Canada,23,7.14
2025-05-08,196,303,909,21.04,2.86,Organic,Mobile,UK,17,8.67
2025-05-09,474,661,661,54.45,6.21,Social,Mobile,Australia,3,0.63
2025-05-10,244,307,1535,28.8,6.37,Email,Tablet,Australia,22,9.02
2025-05-11,371,531,1593,43.57,5.51,Direct,Desktop,Canada,22,5.93
2025-05-12,299,472,1888,32.97,2.84,Organic,Mobile,USA,26,8.7
2025-05-13,303,334,1670,57.5,7.39,Referral,Tablet,Canada,25,8.25
2025-05-14,632,803,4015,31.26,1.83,Email,Desktop,Canada,36,5.7
2025-05-15,363,434,1302,61.29,3.55,Referral,Mobile,Canada,36,9.92
2025-05-16,496,515,2575,68.79,1.73,Direct,Tablet,USA,24,4.84
2025-05-17,763,897,2691,40.95,3.6,Social,Mobile,UK,3,0.39
2025-05-18,601,758,2274,62.96,5.94,Direct,Mobile,India,35,5.82
2025-05-19,301,364,1092,64.79,5.95,Social,Tablet,India,6,1.99
2025-05-20,339,513,513,39.46,5.89,Organic,Desktop,Canada,20,5.9
2025-05-21,89,205,1025,26.94,2.91,Organic,Mobile,UK,7,7.87
2025-05-22,758,829,2487,28.7,3.84,Organic,Mobile,Canada,68,8.97
2025-05-23,148,336,1344,54.54,2.63,Direct,Tablet,UK,1,0.68
2025-05-24,389,420,420,47.88,5.0,Direct,Tablet,Australia,2,0.51
2025-05-25,291,474,1422,39.55,1.09,Email,Desktop,USA,10,3.44
2025-05-26,756,955,4775,50.17,1.55,Social,Tablet,Australia,60,7.94
2025-05-27,164,198,792,25.04,7.93,Referral,Mobile,Canada,11,6.71
2025-05-28,691,885,3540,52.24,3.73,Organic,Mobile,India,7,1.01
2025-05-29,702,883,4415,39.32,4.37,Organic,Desktop,India,33,4.7
2025-05-30,344,391,782,42.19,4.26,Organic,Mobile,Australia,19,5.52
2025-05-31,128,165,825,62.23,5.84,Direct,Tablet,Canada,12,9.38
2025-06-01,742,925,4625,66.3,6.95,Referral,Tablet,UK,25,3.37
2025-06-02,267,282,564,33.42,4.04,Email,Mobile,Australia,9,3.37
2025-06-03,92,146,730,60.19,7.97,Social,Tablet,UK,1,1.09
2025-06-04,594,714,2142,27.07,4.47,Social,Mobile,Australia,28,4.71
2025-06-05,118,125,500,69.07,2.0,Email,Tablet,India,11,9.32
2025-06-06,262,366,1098,20.32,4.31,Organic,Tablet,USA,26,9.92
2025-06-07,781,898,4490,56.59,6.33,Referral,Desktop,UK,68,8.71
2025-06-08,593,653,3265,24.79,3.48,Direct,Mobile,UK,37,6.24
2025-06-09,752,831,831,66.31,4.3,Referral,Tablet,India,64,8.51
2025-06-10,710,778,2334,40.59,4.85,Referral,Desktop,India,7,0.99
2025-06-11,380,530,2120,41.95,6.71,Organic,Desktop,Canada,15,3.95
2025-06-12,348,482,1928,66.87,2.78,Social,Tablet,Canada,21,6.03
2025-06-13,94,270,270,50.05,1.51,Organic,Desktop,Canada,7,7.45
2025-06-14,425,581,2905,69.16,5.05,Organic,Tablet,Australia,38,8.94
2025-06-15,715,827,3308,49.65,2.83,Referral,Desktop,Australia,1,0.14
2025-06-16,148,240,480,63.26,4.55,Social,Desktop,India,2,1.35
2025-06-17,648,767,3835,26.78,7.38,Social,Tablet,Canada,10,1.54
2025-06-18,368,414,1656,65.3,4.72,Direct,Desktop,India,34,9.24
2025-06-19,133,295,590,48.82,6.91,Referral,Mobile,UK,3,2.26
2025-06-20,250,286,1430,24.62,7.88,Referral,Mobile,UK,23,9.2
2025-06-21,88,230,1150,35.18,7.5,Social,Tablet,Australia,2,2.27
2025-06-22,640,767,1534,22.22,2.97,Email,Tablet,Australia,34,5.31
2025-06-23,299,459,2295,47.61,3.26,Direct,Mobile,UK,23,7.69
2025-06-24,797,902,4510,21.54,6.51,Organic,Mobile,Australia,77,9.66
2025-06-25,363,505,505,28.52,4.72,Referral,Desktop,UK,1,0.28
2025-06-26,611,660,660,29.8,2.07,Referral,Mobile,India,5,0.82
2025-06-27,172,191,764,49.0,3.05,Referral,Mobile,UK,8,4.65
2025-06-28,678,787,2361,61.62,7.51,Organic,Tablet,India,53,7.82
2025-06-29,473,622,1244,61.51,4.49,Direct,Desktop,USA,32,6.77
2025-06-30,199,394,1576,65.95,6.63,Email,Mobile,USA,8,4.02
2025-07-01,233,325,325,65.23,7.2,Email,Mobile,Australia,23,9.87
2025-07-02,620,706,1412,22.11,2.73,Email,Desktop,Australia,0,0.0
2025-07-03,508,672,2688,37.65,6.35,Social,Mobile,Australia,4,0.79
2025-07-04,367,491,1473,42.11,6.28,Social,Tablet,India,11,3.0
2025-07-05,488,652,2608,22.77,2.42,Social,Tablet,Australia,30,6.15
2025-07-06,132,241,1205,20.45,1.04,Email,Desktop,Australia,12,9.09
2025-07-07,305,361,1444,26.54,1.99,Organic,Desktop,India,29,9.51
2025-07-08,313,331,662,55.83,7.59,Email,Tablet,UK,12,3.83
2025-07-09,296,376,1880,59.37,1.52,Direct,Tablet,Australia,17,5.74
2025-07-10,327,521,1563,21.91,5.52,Social,Tablet,Canada,26,7.95
2025-07-11,330,379,379,27.34,1.84,Direct,Mobile,UK,24,7.27
2025-07-12,93,164,328,20.48,2.97,Organic,Mobile,USA,5,5.38
2025-07-13,257,385,1540,47.95,6.71,Email,Mobile,India,12,4.67
2025-07-14,589,707,2121,57.78,7.41,Social,Tablet,USA,17,2.89
2025-07-15,327,478,956,65.23,2.84,Organic,Mobile,Australia,7,2.14
2025-07-16,714,797,3985,37.29,2.88,Direct,Desktop,Australia,11,1.54
2025-07-17,296,360,1440,55.2,4.66,Social,Tablet,UK,15,5.07
2025-07-18,320,384,1536,30.02,5.67,Social,Desktop,UK,10,3.12
2025-07-19,185,335,335,44.78,2.18,Referral,Tablet,UK,1,0.54
2025-07-20,564,762,762,37.45,4.93,Referral,Desktop,UK,13,2.3
2025-07-21,542,689,689,27.13,1.09,Referral,Desktop,India,7,1.29
2025-07-22,334,377,1885,20.47,3.07,Social,Mobile,Australia,24,7.19
2025-07-23,684,815,815,25.67,4.59,Direct,Desktop,UK,31,4.53
2025-07-24,256,307,307,55.11,4.52,Organic,Mobile,India,13,5.08
2025-07-25,686,744,744,41.51,7.78,Email,Desktop,India,53,7.73
2025-07-26,136,158,632,27.56,1.25,Referral,Mobile,USA,6,4.41
2025-07-27,592,704,3520,68.35,4.27,Direct,Tablet,India,49,8.28
2025-07-28,746,817,1634,51.62,5.48,Direct,Tablet,India,19,2.55
2025-07-29,128,200,800,53.58,4.64,Referral,Mobile,USA,3,2.34
2025-07-30,186,354,354,69.07,2.88,Organic,Desktop,Canada,13,6.99
2025-07-31,623,696,696,22.63,5.2,Referral,Mobile,India,58,9.31
2025-08-01,769,779,3116,52.36,2.14,Referral,Tablet,USA,23,2.99
2025-08-02,253,265,1060,45.99,2.24,Email,Desktop,Australia,23,9.09
2025-08-03,319,446,1784,45.66,1.01,Organic,Tablet,Canada,30,9.4
2025-08-04,334,437,1748,57.38,7.64,Email,Mobile,UK,14,4.19
2025-08-05,182,352,1760,24.22,7.2,Direct,Desktop,USA,11,6.04
2025-08-06,303,347,347,35.12,5.68,Social,Mobile,Australia,13,4.29
2025-08-07,795,842,2526,38.12,7.01,Organic,Mobile,Australia,68,8.55
2025-08-08,197,222,1110,65.5,4.1,Social,Tablet,Canada,11,5.58
2025-08-09,169,324,1296,64.23,1.44,Email,Mobile,UK,2,1.18
2025-08-10,184,287,1148,23.25,4.45,Referral,Mobile,Australia,14,7.61
2025-08-11,123,207,621,29.54,3.37,Social,Mobile,Canada,7,5.69
2025-08-12,214,263,263,54.35,6.87,Social,Tablet,Australia,16,7.48
2025-08-13,626,664,1992,26.83,5.01,Organic,Mobile,India,12,1.92
2025-08-14,116,185,370,53.32,2.62,Direct,Tablet,USA,1,0.86
2025-08-15,601,723,2169,59.32,2.65,Referral,Desktop,Canada,39,6.49
2025-08-16,333,375,375,60.25,7.33,Referral,Tablet,Canada,0,0.0
2025-08-17,486,494,2470,22.78,6.07,Email,Desktop,Australia,37,7.61
2025-08-18,579,601,1202,39.0,2.35,Social,Tablet,India,21,3.63
2025-08-19,323,415,1245,59.68,3.15,Referral,Desktop,USA,15,4.64
2025-08-20,485,610,1830,56.04,4.02,Organic,Tablet,USA,14,2.89
2025-08-21,592,782,782,41.38,7.31,Direct,Tablet,UK,45,7.6
2025-08-22,772,959,2877,59.54,2.06,Organic,Tablet,Canada,59,7.64
2025-08-23,705,809,2427,23.56,3.9,Email,Tablet,UK,39,5.53
2025-08-24,357,503,2012,49.23,3.67,Organic,Desktop,Australia,22,6.16
2025-08-25,596,696,1392,49.22,4.61,Social,Desktop,Australia,49,8.22
2025-08-26,670,720,720,62.25,7.04,Referral,Desktop,Australia,28,4.18
2025-08-27,178,317,1268,39.69,4.01,Organic,Mobile,UK,11,6.18
2025-08-28,650,685,685,57.03,2.14,Email,Mobile,USA,1,0.15
2025-08-29,554,713,713,47.62,7.01,Direct,Tablet,India,10,1.81
2025-08-30,606,662,3310,44.14,6.08,Email,Mobile,India,0,0.0
2025-08-31,515,643,2572,64.63,4.62,Referral,Tablet,UK,32,6.21
2025-09-01,769,949,2847,53.65,1.62,Direct,Mobile,UK,68,8.84
2025-09-02,282,380,1140,33.89,1.08,Direct,Mobile,Australia,22,7.8
2025-09-03,788,979,2937,29.48,7.02,Direct,Tablet,UK,62,7.87
2025-09-04,125,130,520,24.09,4.81,Email,Desktop,Canada,4,3.2
2025-09-05,197,345,345,55.55,6.61,Email,Tablet,Canada,8,4.06
2025-09-06,182,364,1092,35.64,4.21,Email,Tablet,UK,0,0.0
2025-09-07,414,465,465,33.64,4.31,Direct,Desktop,India,3,0.72
2025-09-08,167,342,1368,64.5,4.46,Social,Mobile,USA,10,5.99
2025-09-09,363,522,1566,55.75,1.84,Email,Desktop,UK,25,6.89
2025-09-10,120,245,735,49.86,1.39,Direct,Desktop,Australia,0,0.0
2025-09-11,168,194,388,50.44,5.07,Organic,Desktop,Canada,4,2.38
2025-09-12,513,577,1154,30.13,6.9,Social,Mobile,Australia,12,2.34
2025-09-13,233,413,826,46.8,3.85,Social,Desktop,Canada,11,4.72
2025-09-14,267,394,1576,36.84,7.69,Email,Mobile,USA,3,1.12
2025-09-15,85,283,566,42.37,2.58,Social,Desktop,USA,7,8.24
2025-09-16,291,295,1180,57.89,6.91,Referral,Mobile,Australia,12,4.12
2025-09-17,709,801,2403,69.5,5.5,Email,Desktop,Canada,52,7.33
2025-09-18,254,401,802,21.2,4.19,Organic,Desktop,UK,16,6.3
2025-09-19,740,859,859,26.44,2.87,Organic,Tablet,USA,25,3.38
2025-09-20,368,465,1860,30.99,6.44,Organic,Desktop,Australia,2,0.54
2025-09-21,273,308,1540,58.88,2.56,Direct,Tablet,UK,8,2.93
2025-09-22,611,709,1418,60.86,4.8,Organic,Mobile,India,51,8.35
2025-09-23,187,251,502,30.73,5.89,Referral,Mobile,India,7,3.74
2025-09-24,655,702,3510,31.11,1.03,Organic,Mobile,USA,43,6.56
2025-09-25,446,510,1020,41.4,3.59,Direct,Mobile,Australia,19,4.26
2025-09-26,624,694,2082,23.92,1.98,Organic,Desktop,Canada,49,7.85
2025-09-27,117,173,346,42.12,3.79,Direct,Tablet,Canada,4,3.42
2025-09-28,570,698,698,63.84,5.08,Organic,Desktop,Australia,54,9.47
2025-09-29,505,691,3455,24.33,3.32,Direct,Mobile,USA,13,2.57
2025-09-30,111,131,262,62.87,4.63,Direct,Desktop,India,0,0.0
2025-10-01,333,413,413,64.57,2.99,Organic,Tablet,UK,18,5.41
2025-10-02,301,400,800,44.83,2.42,Direct,Desktop,UK,9,2.99
2025-10-03,594,650,3250,54.94,4.78,Direct,Tablet,India,25,4.21
2025-10-04,782,941,2823,46.69,3.71,Organic,Mobile,Australia,57,7.29
2025-10-05,249,266,266,32.4,1.04,Organic,Desktop,UK,23,9.24
2025-10-06,87,166,664,65.75,4.78,Direct,Desktop,India,5,5.75
2025-10-07,614,710,3550,26.08,2.05,Referral,Desktop,UK,37,6.03
2025-10-08,509,631,3155,36.14,3.24,Direct,Tablet,Australia,24,4.72
2025-10-09,681,774,1548,29.54,2.78,Organic,Desktop,Australia,18,2.64
2025-10-10,145,198,792,36.67,5.03,Referral,Mobile,USA,3,2.07
2025-10-11,578,707,3535,39.59,6.91,Direct,Mobile,Canada,28,4.84
2025-10-12,136,148,444,63.06,7.36,Direct,Desktop,India,2,1.47
2025-10-13,713,747,2988,21.7,3.08,Email,Desktop,India,18,2.52
2025-10-14,799,804,4020,44.95,1.7,Direct,Desktop,USA,62,7.76
2025-10-15,707,775,1550,20.85,5.04,Email,Tablet,Australia,24,3.39
2025-10-16,352,482,482,48.14,2.22,Organic,Desktop,India,25,7.1
2025-10-17,345,446,1784,49.66,2.99,Direct,Desktop,UK,8,2.32
2025-10-18,312,340,1700,20.69,4.36,Direct,Mobile,India,0,0.0
2025-10-19,594,696,696,50.51,6.63,Direct,Desktop,Canada,59,9.93
2025-10-20,277,339,1695,61.98,7.6,Email,Tablet,India,20,7.22
2025-10-21,770,915,3660,63.27,1.67,Referral,Mobile,India,23,2.99
2025-10-22,210,313,1565,50.61,1.44,Organic,Mobile,India,9,4.29
2025-10-23,316,412,1648,48.42,6.35,Organic,Mobile,India,5,1.58
2025-10-24,572,704,1408,39.66,5.91,Social,Mobile,Canada,51,8.92
2025-10-25,312,480,2400,30.65,2.15,Organic,Mobile,Canada,3,0.96
2025-10-26,672,817,2451,43.26,1.92,Organic,Mobile,UK,12,1.79
2025-10-27,393,576,2880,28.65,7.28,Referral,Desktop,USA,26,6.62
2025-10-28,785,937,3748,36.7,7.79,Direct,Desktop,USA,1,0.13
2025-10-29,425,593,593,21.44,3.11,Email,Mobile,USA,41,9.65
2025-10-30,712,813,1626,41.79,7.51,Referral,Tablet,UK,40,5.62
2025-10-31,763,909,2727,28.46,6.54,Email,Mobile,Canada,73,9.57
2025-11-01,485,624,2496,67.72,1.91,Direct,Desktop,UK,41,8.45
2025-11-02,150,169,507,65.9,3.06,Email,Tablet,USA,14,9.33
2025-11-03,560,628,628,45.85,4.66,Email,Desktop,Canada,19,3.39
2025-11-04,462,591,1182,53.87,2.01,Direct,Tablet,Canada,25,5.41
2025-11-05,304,403,1612,38.84,3.52,Direct,Mobile,India,13,4.28
2025-11-06,597,611,1222,41.16,1.42,Referral,Desktop,Canada,17,2.85
2025-11-07,138,304,608,59.48,1.86,Social,Tablet,Canada,0,0.0
2025-11-08,609,673,3365,36.25,4.77,Organic,Mobile,Australia,9,1.48
2025-11-09,732,820,2460,21.44,5.87,Social,Desktop,USA,44,6.01
2025-11-10,164,239,717,67.32,7.13,Organic,Tablet,Australia,13,7.93
2025-11-11,529,531,2655,46.16,7.69,Email,Mobile,USA,3,0.57
2025-11-12,720,890,3560,67.4,5.58,Direct,Tablet,Canada,69,9.58
2025-11-13,444,453,1812,32.34,5.75,Organic,Mobile,Australia,41,9.23
2025-11-14,436,542,1084,44.65,4.37,Direct,Tablet,India,4,0.92
2025-11-15,633,645,645,32.41,3.23,Direct,Desktop,USA,12,1.9
2025-11-16,672,692,692,46.52,4.52,Direct,Tablet,India,47,6.99
2025-11-17,325,423,1269,37.22,5.38,Referral,Mobile,Canada,14,4.31
2025-11-18,234,403,2015,62.19,7.4,Organic,Tablet,Australia,8,3.42
2025-11-19,573,750,750,48.79,6.07,Organic,Desktop,Canada,44,7.68
2025-11-20,547,685,1370,30.64,3.34,Direct,Tablet,India,27,4.94
2025-11-21,522,535,1605,36.02,3.02,Referral,Desktop,India,22,4.21
2025-11-22,467,650,650,64.51,6.07,Organic,Tablet,India,39,8.35
2025-11-23,154,186,372,67.07,7.35,Referral,Mobile,India,9,5.84
2025-11-24,641,726,3630,52.28,2.96,Direct,Tablet,Australia,51,7.96
2025-11-25,545,701,1402,30.62,7.65,Direct,Tablet,Australia,42,7.71
2025-11-26,748,917,4585,45.23,6.3,Organic,Desktop,India,52,6.95
2025-11-27,583,733,3665,39.88,7.63,Direct,Tablet,Canada,2,0.34
2025-11-28,199,320,960,34.02,1.07,Referral,Mobile,India,11,5.53
2025-11-29,653,776,3880,55.63,4.55,Referral,Desktop,Canada,10,1.53
2025-11-30,159,269,1345,45.77,3.41,Social,Mobile,USA,2,1.26
2025-12-01,572,765,765,52.04,4.97,Organic,Desktop,India,22,3.85
2025-12-02,396,536,536,42.01,1.74,Social,Desktop,Canada,16,4.04
2025-12-03,108,216,216,27.18,2.1,Social,Desktop,India,2,1.85
2025-12-04,472,558,1674,36.93,5.82,Social,Desktop,Canada,5,1.06
2025-12-05,307,498,996,29.76,3.0,Organic,Desktop,Australia,24,7.82
2025-12-06,326,402,2010,40.7,6.19,Organic,Tablet,USA,17,5.21
2025-12-07,606,715,2860,29.46,6.28,Email,Mobile,Australia,12,1.98
2025-12-08,153,188,188,53.06,3.86,Direct,Desktop,Australia,5,3.27
2025-12-09,745,859,3436,55.58,1.26,Organic,Mobile,Australia,39,5.23
2025-12-10,176,230,1150,66.24,2.54,Organic,Desktop,Canada,12,6.82
2025-12-11,252,265,265,44.24,3.23,Direct,Desktop,Australia,17,6.75
2025-12-12,327,354,354,43.93,1.9,Direct,Tablet,USA,7,2.14
2025-12-13,363,471,942,26.92,5.27,Direct,Desktop,USA,14,3.86
2025-12-14,136,147,294,69.52,1.16,Social,Tablet,Australia,12,8.82
2025-12-15,135,293,586,24.24,4.02,Referral,Tablet,USA,4,2.96
2025-12-16,150,269,1076,56.56,6.37,Organic,Desktop,India,13,8.67
2025-12-17,524,560,2800,55.83,1.14,Email,Mobile,UK,41,7.82
2025-12-18,362,377,377,65.97,5.53,Organic,Mobile,India,9,2.49
2025-12-19,385,534,1602,44.08,3.38,Direct,Desktop,UK,1,0.26
2025-12-20,298,442,1768,45.69,6.38,Referral,Tablet,India,28,9.4
2025-12-21,612,709,709,30.38,6.76,Social,Mobile,Canada,2,0.33
2025-12-22,437,535,1605,20.16,5.14,Direct,Mobile,Australia,12,2.75
2025-12-23,553,676,1352,61.82,1.79,Organic,Tablet,UK,35,6.33
2025-12-24,426,469,1876,59.13,2.68,Organic,Mobile,UK,6,1.41
2025-12-25,112,184,736,60.42,7.82,Referral,Desktop,UK,3,2.68
2025-12-26,456,629,2516,32.98,3.11,Direct,Tablet,USA,29,6.36
2025-12-27,152,250,1000,41.78,2.92,Direct,Desktop,Canada,1,0.66
2025-12-28,608,655,1310,42.11,6.73,Referral,Tablet,UK,35,5.76
2025-12-29,225,310,310,36.81,3.25,Organic,Mobile,USA,22,9.78
2025-12-30,746,804,3216,56.39,5.04,Direct,Tablet,USA,9,1.21
2025-12-31,507,512,512,68.39,2.08,Organic,Mobile,UK,19,3.75
2025-01-01,609,719,1438,59.06,5.66,Referral,Mobile,UK,11,1.81
2025-01-02,378,432,432,22.03,7.59,Organic,Desktop,Australia,13,3.44
2025-01-03,578,654,3270,40.42,4.85,Social,Mobile,Canada,37,6.4
2025-01-04,650,707,2121,34.65,5.55,Direct,Mobile,Canada,18,2.77
2025-01-05,792,893,3572,64.62,4.26,Direct,Tablet,India,20,2.53
2025-01-06,456,574,574,41.33,1.92,Organic,Desktop,Canada,45,9.87
2025-01-07,679,712,2136,56.79,3.1,Email,Tablet,Australia,46,6.77
2025-01-08,310,333,999,37.13,2.07,Social,Tablet,UK,23,7.42
2025-01-09,445,476,952,56.28,7.12,Referral,Mobile,Australia,5,1.12
2025-01-10,424,589,2356,47.45,2.67,Direct,Desktop,India,1,0.24
2025-01-11,634,717,2151,68.52,7.8,Email,Mobile,UK,5,0.79
2025-01-12,774,973,1946,31.23,5.59,Email,Desktop,UK,12,1.55
2025-01-13,188,239,717,31.59,7.24,Social,Mobile,USA,10,5.32
2025-01-14,150,304,608,26.86,5.78,Referral,Mobile,Australia,6,4.0
2025-01-15,132,149,298,23.44,7.37,Direct,Tablet,UK,2,1.52
2025-01-16,96,230,690,24.21,7.41,Email,Mobile,India,0,0.0
2025-01-17,330,499,2495,57.51,2.65,Referral,Tablet,India,22,6.67
2025-01-18,168,274,274,69.75,5.57,Referral,Desktop,USA,4,2.38
2025-01-19,222,361,1444,39.86,5.96,Direct,Mobile,India,12,5.41
2025-01-20,477,484,2420,25.21,3.67,Organic,Desktop,UK,1,0.21
2025-01-21,550,581,1162,41.88,3.05,Referral,Tablet,Canada,38,6.91
2025-01-22,623,672,672,56.37,5.24,Direct,Desktop,USA,8,1.28
2025-01-23,109,256,1024,31.34,1.21,Direct,Mobile,Australia,4,3.67
2025-01-24,635,658,1316,33.35,5.75,Email,Desktop,USA,22,3.46
2025-01-25,563,673,2019,44.71,4.47,Organic,Desktop,USA,2,0.36
2025-01-26,491,598,1794,43.28,1.88,Social,Mobile,Australia,3,0.61
2025-01-27,538,673,2019,59.52,3.33,Social,Desktop,USA,2,0.37
2025-01-28,379,496,1984,52.2,3.88,Direct,Mobile,Australia,18,4.75
2025-01-29,476,627,3135,39.61,7.65,Social,Mobile,Australia,25,5.25
2025-01-30,156,226,452,65.01,4.33,Organic,Desktop,UK,0,0.0
2025-01-31,761,940,940,53.54,2.85,Referral,Tablet,Australia,58,7.62
2025-02-01,736,836,1672,24.19,2.85,Direct,Mobile,UK,64,8.7
2025-02-02,223,417,417,26.58,4.83,Referral,Tablet,India,20,8.97
2025-02-03,702,741,2964,37.6,3.36,Social,Tablet,Canada,26,3.7
2025-02-04,515,663,1989,53.02,2.11,Direct,Tablet,India,16,3.11
2025-02-05,713,734,2202,43.48,2.15,Email,Desktop,USA,7,0.98
2025-02-06,450,461,1383,41.11,2.6,Organic,Mobile,USA,7,1.56
2025-02-07,174,302,1208,44.07,7.27,Email,Mobile,India,8,4.6
2025-02-08,588,728,2184,66.38,3.8,Social,Tablet,India,5,0.85
2025-02-09,694,728,1456,50.99,4.38,Organic,Desktop,Australia,60,8.65
2025-02-10,265,339,339,49.76,3.4,Referral,Desktop,UK,10,3.77
2025-02-11,322,345,690,48.31,5.61,Email,Tablet,Australia,18,5.59
2025-02-12,395,563,1126,65.77,3.64,Email,Mobile,India,21,5.32
2025-02-13,677,784,3920,52.9,6.45,Referral,Desktop,UK,15,2.22
2025-02-14,116,194,776,36.59,2.22,Direct,Tablet,Canada,1,0.86
2025-02-15,387,403,806,38.89,4.67,Referral,Tablet,USA,25,6.46
2025-02-16,451,541,1082,37.84,3.65,Email,Mobile,Australia,21,4.66
2025-02-17,529,637,1274,55.49,5.21,Referral,Desktop,Australia,21,3.97
2025-02-18,723,878,1756,21.59,3.29,Email,Desktop,UK,33,4.56
2025-02-19,227,275,825,30.8,3.19,Email,Desktop,USA,9,3.96
2025-02-20,273,307,307,29.69,4.42,Organic,Desktop,Australia,15,5.49
2025-02-21,336,421,2105,54.07,6.25,Direct,Mobile,India,28,8.33
2025-02-22,359,394,788,22.21,5.91,Email,Desktop,UK,22,6.13
2025-02-23,297,372,1488,41.93,7.77,Email,Tablet,Canada,14,4.71
2025-02-24,705,805,1610,51.57,6.79,Referral,Desktop,Canada,44,6.24
2025-02-25,661,728,2184,28.86,1.67,Email,Mobile,Canada,7,1.06
2025-02-26,666,798,1596,37.28,3.08,Referral,Tablet,Australia,23,3.45
2025-02-27,693,695,695,29.27,7.95,Organic,Desktop,UK,45,6.49
2025-02-28,436,470,940,38.58,1.91,Social,Mobile,Australia,43,9.86
2025-03-01,134,271,542,56.25,4.81,Direct,Tablet,Canada,13,9.7
2025-03-02,722,842,4210,29.96,7.1,Organic,Mobile,UK,22,3.05
2025-03-03,690,803,4015,45.27,5.1,Direct,Desktop,UK,4,0.58
2025-03-04,365,493,493,67.83,4.79,Referral,Tablet,UK,5,1.37
2025-03-05,103,123,615,63.12,1.69,Organic,Tablet,Australia,8,7.77
2025-03-06,142,277,1108,53.47,7.93,Email,Mobile,India,1,0.7
2025-03-07,544,565,565,68.19,1.03,Email,Mobile,Canada,41,7.54
2025-03-08,189,339,339,50.11,2.94,Social,Mobile,UK,7,3.7
2025-03-09,344,372,1488,46.4,7.93,Social,Desktop,UK,27,7.85
2025-03-10,321,479,479,33.01,6.56,Referral,Desktop,Australia,1,0.31
2025-03-11,596,599,1198,35.02,5.11,Direct,Mobile,Canada,20,3.36
2025-03-12,642,720,2160,31.38,6.56,Direct,Desktop,USA,10,1.56
2025-03-13,251,356,1424,32.77,5.33,Email,Desktop,Canada,22,8.76
2025-03-14,361,515,515,27.01,4.14,Organic,Desktop,UK,17,4.71
2025-03-15,276,357,357,66.69,5.68,Referral,Desktop,UK,27,9.78
2025-03-16,373,468,936,42.87,1.89,Email,Tablet,India,31,8.31
2025-03-17,518,651,3255,55.34,1.5,Referral,Mobile,India,47,9.07
2025-03-18,697,851,4255,53.49,5.85,Organic,Desktop,USA,27,3.87
2025-03-19,625,705,2115,61.28,3.93,Referral,Mobile,USA,57,9.12
2025-03-20,563,682,2728,62.71,5.53,Organic,Mobile,UK,12,2.13
2025-03-21,683,695,3475,39.08,6.35,Organic,Tablet,Australia,36,5.27
2025-03-22,768,892,4460,27.45,6.95,Organic,Tablet,USA,18,2.34
2025-03-23,578,676,3380,41.83,7.87,Email,Mobile,UK,22,3.81
2025-03-24,305,343,1715,36.72,3.35,Email,Mobile,UK,17,5.57
2025-03-25,492,559,1677,21.55,3.13,Organic,Mobile,UK,35,7.11
2025-03-26,586,779,3895,38.67,1.18,Referral,Mobile,USA,0,0.0
2025-03-27,116,125,250,68.36,4.54,Referral,Desktop,UK,6,5.17
2025-03-28,274,347,694,39.28,2.19,Organic,Mobile,India,0,0.0
2025-03-29,708,870,3480,24.37,5.91,Organic,Mobile,Canada,35,4.94
2025-03-30,181,349,1396,64.14,7.31,Social,Tablet,USA,14,7.73
2025-03-31,446,501,2004,60.87,7.18,Social,Desktop,Australia,5,1.12
2025-04-01,711,720,3600,64.25,2.28,Social,Mobile,Canada,68,9.56
2025-04-02,433,473,946,41.07,5.52,Social,Mobile,Canada,38,8.78
2025-04-03,255,277,1108,68.37,1.98,Referral,Desktop,India,16,6.27
2025-04-04,640,799,3995,68.25,1.75,Organic,Tablet,Canada,17,2.66
2025-04-05,616,707,2121,43.59,7.36,Referral,Tablet,USA,49,7.95
2025-04-06,247,278,1390,45.65,6.45,Referral,Desktop,Canada,19,7.69
2025-04-07,548,643,1286,59.59,5.12,Social,Desktop,USA,36,6.57
2025-04-08,356,467,1401,25.68,5.16,Direct,Desktop,Canada,27,7.58
2025-04-09,362,368,736,20.99,5.71,Email,Tablet,India,5,1.38
2025-04-10,131,155,465,34.29,5.2,Organic,Desktop,UK,7,5.34
2025-04-11,639,717,1434,56.8,4.35,Referral,Mobile,USA,21,3.29
2025-04-12,466,636,2544,60.59,2.88,Organic,Mobile,India,34,7.3
2025-04-13,686,715,2860,62.93,3.98,Organic,Tablet,Australia,60,8.75
2025-04-14,94,280,280,44.48,4.95,Social,Tablet,USA,3,3.19
2025-04-15,194,366,1830,60.19,3.14,Direct,Tablet,USA,12,6.19
2025-04-16,297,361,1444,47.14,6.79,Social,Tablet,Canada,0,0.0
2025-04-17,775,831,4155,32.84,5.48,Organic,Mobile,USA,20,2.58
2025-04-18,107,285,1425,23.12,1.96,Referral,Mobile,USA,4,3.74
2025-04-19,428,601,3005,60.02,4.98,Referral,Desktop,UK,42,9.81
2025-04-20,774,947,1894,58.32,3.24,Organic,Desktop,Australia,50,6.46
2025-04-21,488,561,1122,51.59,1.54,Social,Tablet,Australia,47,9.63
2025-04-22,99,137,411,49.74,2.08,Organic,Desktop,UK,9,9.09
2025-04-23,168,324,1296,31.18,3.82,Direct,Tablet,USA,5,2.98
2025-04-24,499,516,516,62.12,5.9,Referral,Desktop,USA,29,5.81
2025-04-25,567,603,1809,32.41,7.48,Organic,Desktop,Canada,50,8.82
2025-04-26,605,605,1210,54.74,1.86,Referral,Mobile,India,33,5.45
2025-04-27,133,234,936,56.12,5.64,Direct,Mobile,USA,4,3.01
2025-04-28,430,570,2850,54.67,7.24,Organic,Desktop,UK,38,8.84
2025-04-29,726,770,3080,27.44,3.9,Referral,Tablet,Australia,42,5.79
2025-04-30,365,482,2410,26.66,1.16,Referral,Desktop,India,29,7.95
2025-05-01,319,437,437,41.7,2.06,Email,Mobile,UK,20,6.27
2025-05-02,269,399,1995,41.05,6.51,Email,Tablet,Australia,16,5.95
2025-05-03,766,921,4605,62.32,6.66,Social,Desktop,UK,47,6.14
2025-05-04,555,681,3405,31.23,6.2,Direct,Tablet,UK,39,7.03
2025-05-05,228,381,1524,60.18,3.47,Social,Desktop,Canada,21,9.21
2025-05-06,331,527,2108,33.1,1.18,Email,Mobile,Canada,31,9.37
2025-05-07,186,310,930,40.11,1.31,Social,Desktop,India,15,8.06
2025-05-08,624,794,3176,57.63,3.54,Email,Mobile,USA,26,4.17
2025-05-09,374,545,545,65.14,5.72,Email,Tablet,India,16,4.28
2025-05-10,543,586,1758,38.68,1.51,Direct,Desktop,UK,36,6.63
2025-05-11,483,600,1200,46.38,7.97,Social,Tablet,India,18,3.73
2025-05-12,394,593,1779,21.68,7.72,Referral,Desktop,Australia,36,9.14
2025-05-13,279,434,1736,46.7,4.63,Social,Desktop,USA,23,8.24
2025-05-14,250,401,401,58.4,5.64,Direct,Mobile,India,8,3.2
2025-05-15,727,771,2313,63.5,3.22,Referral,Desktop,USA,58,7.98
2025-05-16,343,473,473,48.0,5.75,Social,Mobile,India,2,0.58
2025-05-17,477,538,1076,31.28,1.93,Email,Mobile,USA,23,4.82
2025-05-18,562,585,2340,49.69,5.8,Social,Mobile,India,52,9.25
2025-05-19,202,375,1875,62.27,7.94,Social,Tablet,USA,14,6.93
2025-05-20,303,326,652,63.08,3.61,Email,Tablet,USA,28,9.24
2025-05-21,327,457,914,53.36,2.26,Organic,Tablet,UK,13,3.98
2025-05-22,152,271,542,32.57,7.19,Organic,Tablet,USA,12,7.89
2025-05-23,680,806,806,60.01,6.74,Social,Tablet,India,43,6.32
2025-05-24,609,679,2037,41.9,7.54,Referral,Tablet,Australia,27,4.43
2025-05-25,340,390,1560,45.06,6.42,Social,Tablet,UK,11,3.24
2025-05-26,606,633,1899,61.88,7.26,Email,Tablet,Australia,17,2.81
2025-05-27,538,692,3460,49.24,1.82,Referral,Desktop,USA,45,8.36
2025-05-28,515,536,1072,59.19,6.41,Direct,Desktop,Canada,0,0.0
2025-05-29,295,444,888,42.58,7.42,Direct,Desktop,USA,7,2.37
2025-05-30,172,228,456,46.2,7.43,Email,Mobile,USA,3,1.74
2025-05-31,307,398,796,46.51,5.82,Referral,Tablet,Australia,18,5.86
2025-06-01,551,562,1124,49.6,2.93,Email,Tablet,UK,48,8.71
2025-06-02,87,264,264,64.13,5.23,Email,Mobile,India,5,5.75
2025-06-03,396,574,2870,50.29,3.48,Social,Desktop,India,8,2.02
2025-06-04,136,161,483,57.6,7.4,Email,Desktop,Canada,7,5.15
2025-06-05,703,891,4455,22.56,3.9,Referral,Mobile,USA,54,7.68
2025-06-06,438,447,1788,54.21,7.8,Social,Mobile,UK,32,7.31
2025-06-07,792,819,3276,23.9,6.99,Direct,Desktop,USA,64,8.08
2025-06-08,752,907,1814,46.08,2.74,Email,Mobile,Australia,50,6.65
2025-06-09,578,612,1224,38.03,1.75,Social,Tablet,India,38,6.57
2025-06-10,431,458,1374,57.78,5.89,Social,Desktop,USA,37,8.58
2025-06-11,196,319,1595,65.02,2.05,Direct,Desktop,USA,16,8.16
2025-06-12,490,490,1470,34.75,1.36,Direct,Tablet,Australia,30,6.12
2025-06-13,406,572,1716,59.23,1.55,Organic,Tablet,UK,8,1.97
2025-06-14,680,756,756,45.1,3.06,Social,Mobile,UK,32,4.71
2025-06-15,525,638,1276,63.72,3.95,Direct,Desktop,Australia,10,1.9
2025-06-16,166,248,248,30.37,1.96,Organic,Tablet,UK,0,0.0
2025-06-17,643,644,644,63.63,2.29,Referral,Desktop,USA,40,6.22
2025-06-18,721,774,1548,30.91,4.85,Email,Tablet,UK,47,6.52
2025-06-19,435,535,535,37.38,3.85,Referral,Mobile,Canada,40,9.2
2025-06-20,617,813,813,52.12,6.16,Email,Desktop,India,34,5.51
2025-06-21,311,325,975,24.32,3.01,Organic,Tablet,Australia,22,7.07
2025-06-22,495,605,1815,62.02,4.9,Social,Desktop,USA,26,5.25
2025-06-23,293,471,1884,47.16,4.54,Email,Mobile,USA,3,1.02
2025-06-24,293,328,984,63.81,2.42,Organic,Tablet,USA,19,6.48
2025-06-25,479,629,629,20.53,2.48,Direct,Tablet,USA,13,2.71
2025-06-26,119,290,1450,40.24,7.57,Referral,Tablet,Australia,3,2.52
2025-06-27,443,472,1416,64.16,3.47,Social,Desktop,India,2,0.45
2025-06-28,726,774,2322,56.96,3.49,Organic,Mobile,India,42,5.79
2025-06-29,467,560,2240,35.31,1.82,Organic,Tablet,Canada,8,1.71
2025-06-30,183,349,349,66.31,4.52,Social,Mobile,Canada,7,3.83
2025-07-01,697,791,791,30.97,6.77,Referral,Mobile,India,35,5.02
2025-07-02,257,414,414,47.39,7.86,Referral,Mobile,USA,16,6.23
2025-07-03,445,503,2012,47.23,3.82,Referral,Desktop,India,2,0.45
2025-07-04,552,745,2235,34.65,3.39,Social,Tablet,Australia,4,0.72
2025-07-05,412,429,1716,55.82,5.62,Organic,Tablet,India,38,9.22
2025-07-06,458,565,2260,36.25,3.05,Social,Mobile,USA,34,7.42
2025-07-07,782,926,926,69.62,2.4,Email,Desktop,USA,70,8.95
2025-07-08,401,504,1512,34.32,4.82,Organic,Mobile,Canada,13,3.24
2025-07-09,410,512,1024,32.2,3.44,Social,Desktop,USA,25,6.1
2025-07-10,685,877,4385,25.53,4.52,Email,Tablet,India,35,5.11
2025-07-11,232,334,1002,67.14,4.3,Email,Mobile,Australia,22,9.48
2025-07-12,781,860,860,37.93,3.03,Direct,Desktop,Australia,9,1.15
2025-07-13,512,615,2460,38.38,2.3,Email,Tablet,India,18,3.52
2025-07-14,183,368,1104,50.85,1.58,Organic,Mobile,UK,1,0.55
2025-07-15,414,522,1044,45.55,4.88,Organic,Mobile,USA,3,0.72
2025-07-16,298,379,1516,31.61,2.43,Organic,Desktop,UK,1,0.34
2025-07-17,317,469,469,40.92,5.71,Referral,Mobile,USA,7,2.21
2025-07-18,630,645,3225,42.43,1.32,Direct,Mobile,USA,19,3.02
2025-07-19,599,743,2229,44.3,7.23,Referral,Desktop,Australia,26,4.34
2025-07-20,352,434,868,34.2,5.68,Direct,Mobile,USA,18,5.11
2025-07-21,607,715,715,40.43,2.24,Direct,Tablet,UK,6,0.99
2025-07-22,343,379,758,59.57,6.02,Organic,Desktop,UK,7,2.04
2025-07-23,163,202,1010,50.47,5.08,Social,Tablet,Australia,2,1.23
2025-07-24,233,354,708,67.6,4.72,Referral,Desktop,India,21,9.01
2025-07-25,739,753,3765,56.24,3.87,Direct,Desktop,Canada,8,1.08
2025-07-26,596,611,3055,61.04,7.88,Social,Mobile,Australia,37,6.21
2025-07-27,379,413,826,34.59,2.04,Organic,Mobile,Canada,19,5.01
2025-07-28,715,838,1676,58.06,2.76,Email,Tablet,UK,42,5.87
2025-07-29,772,813,3252,59.58,5.61,Email,Mobile,India,48,6.22
2025-07-30,174,226,678,56.78,2.84,Email,Desktop,Canada,14,8.05
2025-07-31,692,771,1542,21.19,4.35,Email,Mobile,UK,54,7.8
2025-08-01,553,680,680,58.96,2.21,Social,Desktop,USA,50,9.04
2025-08-02,211,362,1086,39.81,1.48,Social,Mobile,India,16,7.58
2025-08-03,671,703,3515,59.45,1.68,Social,Desktop,Canada,10,1.49
2025-08-04,719,776,3104,60.3,3.9,Organic,Tablet,UK,18,2.5
2025-08-05,719,857,2571,45.49,5.5,Organic,Mobile,UK,58,8.07
2025-08-06,385,546,2184,60.75,3.03,Social,Mobile,Australia,10,2.6
2025-08-07,286,370,1850,44.12,3.65,Organic,Desktop,Canada,25,8.74
2025-08-08,787,839,1678,39.42,3.39,Organic,Mobile,Australia,52,6.61
2025-08-09,222,401,1604,41.03,2.38,Email,Mobile,UK,2,0.9
2025-08-10,333,396,1980,29.83,4.22,Email,Mobile,India,32,9.61
2025-08-11,704,808,808,67.63,7.28,Organic,Tablet,Canada,15,2.13
2025-08-12,323,419,1257,31.64,6.52,Direct,Tablet,USA,26,8.05
2025-08-13,188,273,819,65.73,3.28,Direct,Desktop,India,9,4.79
2025-08-14,393,495,2475,30.58,6.54,Social,Mobile,Canada,24,6.11
2025-08-15,737,832,1664,67.53,5.97,Referral,Desktop,USA,59,8.01
2025-08-16,701,801,2403,64.23,1.92,Organic,Mobile,Canada,39,5.56
2025-08-17,81,232,232,53.76,7.37,Referral,Desktop,Canada,7,8.64
2025-08-18,460,474,474,62.64,6.73,Referral,Desktop,India,14,3.04
2025-08-19,678,791,791,61.36,6.13,Direct,Desktop,Canada,28,4.13
2025-08-20,554,737,1474,48.88,6.3,Referral,Mobile,Australia,1,0.18
2025-08-21,81,91,91,32.36,7.4,Direct,Tablet,USA,8,9.88
2025-08-22,300,498,1992,43.79,2.67,Direct,Mobile,Australia,21,7.0
2025-08-23,626,658,1974,66.09,5.68,Referral,Mobile,USA,52,8.31
2025-08-24,789,845,845,49.69,5.64,Social,Mobile,India,35,4.44
2025-08-25,212,339,339,23.76,3.48,Email,Desktop,UK,17,8.02
2025-08-26,629,672,3360,27.45,7.6,Social,Mobile,USA,41,6.52
2025-08-27,790,855,1710,52.89,5.9,Organic,Tablet,Australia,37,4.68
2025-08-28,610,729,2916,42.57,6.77,Social,Tablet,Australia,9,1.48
2025-08-29,444,479,479,67.01,2.46,Organic,Mobile,UK,35,7.88
2025-08-30,645,696,2784,61.04,3.21,Email,Mobile,Canada,49,7.6
2025-08-31,633,742,2226,37.17,2.94,Email,Mobile,Canada,24,3.79
2025-09-01,492,583,583,44.03,6.08,Email,Desktop,India,47,9.55
2025-09-02,353,545,1090,37.01,1.39,Direct,Mobile,Canada,31,8.78
2025-09-03,286,312,1560,61.09,4.69,Social,Mobile,India,6,2.1
2025-09-04,264,435,1740,36.49,3.54,Organic,Tablet,Australia,19,7.2
2025-09-05,741,891,2673,44.63,5.4,Referral,Mobile,India,49,6.61
2025-09-06,738,767,767,44.53,6.88,Organic,Mobile,Australia,58,7.86
2025-09-07,786,945,945,28.36,3.77,Referral,Desktop,Australia,75,9.54
2025-09-08,499,582,2910,37.06,7.47,Referral,Mobile,USA,19,3.81
2025-09-09,397,403,2015,59.39,1.61,Email,Desktop,USA,30,7.56
2025-09-10,567,620,3100,48.72,6.01,Direct,Mobile,India,19,3.35
2025-09-11,185,346,692,33.64,1.46,Organic,Mobile,Canada,13,7.03
2025-09-12,721,748,3740,62.54,7.3,Social,Desktop,Australia,13,1.8
2025-09-13,597,600,3000,20.6,1.55,Email,Tablet,Canada,14,2.35
2025-09-14,302,471,1413,46.74,6.33,Direct,Mobile,India,15,4.97
2025-09-15,104,137,274,26.34,6.73,Referral,Desktop,Australia,4,3.85
2025-09-16,389,469,1407,39.77,3.59,Organic,Mobile,India,35,9.0
2025-09-17,97,248,992,50.37,3.34,Social,Desktop,USA,2,2.06
2025-09-18,270,331,1324,32.89,3.75,Email,Tablet,India,23,8.52
2025-09-19,641,805,805,69.72,1.22,Email,Tablet,USA,19,2.96
2025-09-20,291,415,1660,41.96,2.14,Direct,Tablet,USA,25,8.59
2025-09-21,161,229,229,38.41,6.85,Email,Tablet,UK,4,2.48
2025-09-22,473,632,2528,39.89,2.96,Direct,Mobile,USA,24,5.07
2025-09-23,664,665,1330,58.3,6.41,Referral,Mobile,India,14,2.11
2025-09-24,194,283,1132,28.02,6.81,Email,Mobile,India,4,2.06
2025-09-25,608,619,2476,45.68,3.77,Referral,Desktop,Canada,4,0.66
2025-09-26,323,383,1149,47.48,7.59,Referral,Desktop,Canada,24,7.43
2025-09-27,474,629,2516,64.05,6.13,Social,Mobile,Australia,11,2.32
